TEMP_PLAYER_ID,PLAYER_ID,FIRST_NAME,LAST_NAME,PLAYER_NAME,POSITION,HEIGHT_WO_SHOES,HEIGHT_WO_SHOES_FT_IN,HEIGHT_W_SHOES,HEIGHT_W_SHOES_FT_IN,WEIGHT,WINGSPAN,WINGSPAN_FT_IN,STANDING_REACH,STANDING_REACH_FT_IN,BODY_FAT_PCT,HAND_LENGTH,HAND_WIDTH
,200995,Aloysius,Anagonye,Aloysius Anagonye,PF,78.75,6' 6.75'',,,257,86.5,7' 2.5'',106.0,8' 10'',10.5,,
,12072,Rick,Anderson,Rick Anderson,SF-PF,80.25,6' 8.25'',,,216,83.0,6' 11'',106.5,8' 10.5'',9.9,,
,2546,Carmelo,Anthony,Carmelo Anthony,SF,78.25,6' 6.25'',,,233,84.0,7' 0'',105.5,8' 9.5'',8.0,,
,2602,Jerome,Beasley,Jerome Beasley,SF-PF,81.0,6' 9'',,,237,84.5,7' 0.5'',107.0,8' 11'',9.9,,
,2559,Troy,Bell,Troy Bell,PG,72.25,6' 0.25'',,,178,77.0,6' 5'',97.5,8' 1.5'',5.3,,
,12073,LaVell,Blanchard,LaVell Blanchard,SF,78.0,6' 6'',,,205,78.0,6' 6'',101.5,8' 5.5'',11.7,,
,2586,Keith,Bogans,Keith Bogans,SG,76.25,6' 4.25'',,,213,81.25,6' 9.25'',101.0,8' 5'',8.0,,
,2588,Matt,Bonner,Matt Bonner,PF-SF,80.5,6' 8.5'',,,242,80.75,6' 8.75'',105.5,8' 9.5'',13.6,,
,2547,Chris,Bosh,Chris Bosh,PF,82.25,6' 10.25'',,,225,87.5,7' 3.5'',109.0,9' 1'',8.0,,
,2651,Jermaine,Boyette,Jermaine Boyette,PG-SG,73.0,6' 1'',,,187,76.0,6' 4'',96.0,8' 0'',7.3,,
,12295,Souleymane,Camara,Souleymane Camara,PF-SF,81.75,6' 9.75'',,,211.0,86.25,7' 2.25'',109.0,9' 1'',9.9,,
,2679,Matt,Carroll,Matt Carroll,SG-SF,77.0,6' 5'',,,207,78.5,6' 6.5'',98.5,8' 2.5'',6.7,,
,2555,Nick,Collison,Nick Collison,PF,80.75,6' 8.75'',,,255,85.5,7' 1.5'',108.0,9' 0'',17.0,,
,2567,Brian,Cook,Brian Cook,PF-SF,81.5,6' 9.5'',,,234,86.0,7' 2'',109.0,9' 1'',10.5,,
,12074,Joel,Cornette,Joel Cornette,PF-SF,80.25,6' 8.25'',,,239,81.25,6' 9.25'',105.5,8' 9.5'',12.9,,
,2605,Marquis,Daniels,Marquis Daniels,SG-PG,77.25,6' 5.25'',,,198,82.0,6' 10'',103.5,8' 7.5'',4.0,,
,12075,Aleksander,Djuric,Aleksander Djuric,C-PF,82.0,6' 10'',,,253,84.0,7' 0'',108.0,9' 0'',16.3,,
,12076,Ruben,Douglas,Ruben Douglas,SG,75.5,6' 3.5'',,,193,79.25,6' 7.25'',100.5,8' 4.5'',6.0,,
,2648,Ronald,Dupree,Ronald Dupree,SF-SG,78.0,6' 6'',,,209,80.25,6' 8.25'',101.0,8' 5'',6.7,,
,2606,Carl,English,Carl English,SG-PG,76.0,6' 4'',,,201,77.25,6' 5.25'',98.5,8' 2.5'',8.0,,
,12077,Ebi,Ere,Ebi Ere,SG,75.5,6' 3.5'',,,210,82.5,6' 10.5'',102.0,8' 6'',14.1,,
,12078,Marquis,Estill,Marquis Estill,PF-C,80.5,6' 8.5'',,,257,88.0,7' 4'',108.0,9' 0'',11.7,,
,2551,T.J.,Ford,T.J. Ford,PG,71.0,5' 11'',,,162,71.5,5' 11.5'',93.5,7' 9.5'',6.7,,
,12079,Jason,Gardner,Jason Gardner,PG,69.75,5' 9.75'',,,194,73.0,6' 1'',92.0,7' 8'',9.3,,
,2584,Willie,Green,Willie Green,SG-PG,74.5,6' 2.5'',,,201,79.25,6' 7.25'',100.0,8' 4'',8.0,,
,12080,Justin,Hamilton,Justin Hamilton,PG-SG,75.0,6' 3'',,,217,83.0,6' 11'',103.0,8' 7'',8.0,,
,2580,Travis,Hansen,Travis Hansen,SG,76.5,6' 4.5'',,,200,78.5,6' 6.5'',100.5,8' 4.5'',6.0,,
,12081,Trevor,Harvey,Trevor Harvey,C-PF,81.5,6' 9.5'',,,245,85.0,7' 1'',109.5,9' 1.5'',10.5,,
,2618,Marcus,Hatten,Marcus Hatten,PG,72.75,6' 0.75'',,,163,78.25,6' 6.25'',98.0,8' 2'',4.0,,
,2550,Kirk,Hinrich,Kirk Hinrich,PG-SG,74.75,6' 2.75'',,,186,78.0,6' 6'',98.5,8' 2.5'',5.3,,
,12082,Jerry,Holman,Jerry Holman,PF,80.75,6' 8.75'',,,232,87.25,7' 3.25'',109.5,9' 1.5'',6.0,,
,12083,Sam,Hoskin,Sam Hoskin,PF,79.25,6' 7.25'',,,261,82.75,6' 10.75'',107.5,8' 11.5'',,,
,2572,Josh,Howard,Josh Howard,SF-SG,77.25,6' 5.25'',,,202,86.0,7' 2'',105.5,8' 9.5'',6.0,,
,2599,Brandon,Hunter,Brandon Hunter,PF,78.5,6' 6.5'',,,266,86.75,7' 2.75'',105.5,8' 9.5'',8.0,,
,12084,Sani,Ibrahim,Sani Ibrahim,C-PF,80.5,6' 8.5'',,,229,85.0,7' 1'',109.5,9' 1.5'',9.3,,
,12085,Michael,Ignerski,Michael Ignerski,PF-SF,81.5,6' 9.5'',,,232,82.75,6' 10.75'',107.0,8' 11'',10.5,,
,12086,Robert,Jackson,Robert Jackson,PF-C,79.75,6' 7.75'',,,254,84.0,7' 0'',107.5,8' 11.5'',15.9,,
,2544,LeBron,James,LeBron James,SF-SG,79.25,6' 7.25'',,,245,84.25,7' 0.25'',106.25,8' 10.25'',6.7,,
,2639,Britton,Johnsen,Britton Johnsen,SF-PF,82.0,6' 10'',,,212,82.75,6' 10.75'',107.5,8' 11.5'',7.3,,
,2563,Dahntay,Jones,Dahntay Jones,SG-SF,76.75,6' 4.75'',,,214,81.0,6' 9'',102.5,8' 6.5'',2.6,,
,2592,James,Jones,James Jones,SF,79.25,6' 7.25'',,,218,86.5,7' 2.5'',107.5,8' 11.5'',6.7,,
,2549,Chris,Kaman,Chris Kaman,C-PF,83.5,6' 11.5'',,,252,83.75,6' 11.75'',110.5,9' 2.5'',16.3,,
,2574,Jason,Kapono,Jason Kapono,SG-SF,78.5,6' 6.5'',,,215,78.5,6' 6.5'',102.0,8' 6'',11.7,,
,12087,Jason,Keep,Jason Keep,C-PF,81.75,6' 9.75'',,,270,84.5,7' 0.5'',106.5,8' 10.5'',8.6,,
,12088,Bernard,King,Bernard King,SG-PG,75.75,6' 3.75'',,,200,77.5,6' 5.5'',98.5,8' 2.5'',12.9,,
,2688,Brandin,Knight,Brandin Knight,PG,71.75,5' 11.75'',,,190,78.0,6' 6'',95.5,7' 11.5'',10.5,,
,2594,Kyle,Korver,Kyle Korver,SF,78.25,6' 6.25'',,,211,81.5,6' 9.5'',102.5,8' 6.5'',6.7,,
,2591,James,Lang,James Lang,C-PF,80.25,6' 8.25'',,,316,90.25,7' 6.25'',110.0,9' 2'',21.4,,
,12089,Donald,Little,Donald Little,PF-C,81.5,6' 9.5'',,,229,87.0,7' 3'',97.0,8' 1'',7.3,,
,2658,Chris,Marcus,Chris Marcus,C,84.0,7' 0'',,,334,92.0,7' 8'',114.0,9' 6'',23.1,,
,12090,Chris,Massie,Chris Massie,PF-C,78.5,6' 6.5'',,,259,85.0,7' 1'',106.5,8' 10.5'',14.8,,
,12091,Will,McDonald,Will McDonald,C-PF,81.5,6' 9.5'',,,258,87.5,7' 3.5'',109.5,9' 1.5'',13.6,,
,2545,Darko,Milicic,Darko Milicic,PF,83.5,6' 11.5'',,,250,89.0,7' 5'',111.5,9' 3.5'',8.0,,
,12092,Jeff,Newton,Jeff Newton,PF,80.0,6' 8'',,,199,85.0,7' 1'',106.0,8' 10'',5.3,,
,12093,Uche,Nsonwu-Amadi,Uche Nsonwu-Amadi,PF-C,79.75,6' 7.75'',,,246,87.75,7' 3.75'',106.5,8' 10.5'',6.0,,
,12094,Ugonna,Okyekwe,Ugonna Okyekwe,SF,79.25,6' 7.25'',,,228,87.0,7' 3'',109.0,9' 1'',4.3,,
,101248,Marlon,Parmer,Marlon Parmer,PG,72.75,6' 0.75'',,,184,75.5,6' 3.5'',97.0,8' 1'',9.3,,
,12095,Stephane,Pelle,Stephane Pelle,PF-SF,79.0,6' 7'',,,246,86.0,7' 2'',107.0,8' 11'',12.4,,
,2632,Kirk,Penney,Kirk Penney,SG-SF,77.0,6' 5'',,,218,77.25,6' 5.25'',97.0,8' 1'',8.0,,
,2750,Pavel,Podkolzin,Pavel Podkolzin,C,87.5,7' 3.5'',,,303,89.75,7' 5.75'',116.0,9' 8'',16.3,,
,2694,Josh,Powell,Josh Powell,PF-SF,80.0,6' 8'',,,227,85.0,7' 1'',107.5,8' 11.5'',8.0,,
,12096,Hollis,Price,Hollis Price,PG-SG,71.5,5' 11.5'',,,165,76.5,6' 4.5'',94.5,7' 10.5'',7.3,,
,2557,Luke,Ridnour,Luke Ridnour,PG,73.0,6' 1'',,,167,75.0,6' 3'',95.5,7' 11.5'',5.3,,
,12097,Joe,Shipp,Joe Shipp,SG,76.0,6' 4'',,,224,82.0,6' 10'',103.0,8' 7'',11.7,,
,12098,Ron,Slay,Ron Slay,SF-PF,78.0,6' 6'',,,236,82.0,6' 10'',103.5,8' 7.5'',16.3,,
,2604,Theron,Smith,Theron Smith,PF-SF,78.5,6' 6.5'',,,234,82.25,6' 10.25'',104.5,8' 8.5'',9.3,,
,2596,Tommy,Smith,Tommy Smith,PF-SF,81.0,6' 9'',,,200,86.5,7' 2.5'',107.5,8' 11.5'',6.7,,
,12099,Marvin,Stone,Marvin Stone,C-PF,81.5,6' 9.5'',,,261,87.5,7' 3.5'',109.5,9' 1.5'',17.4,,
,2552,Michael,Sweetney,Michael Sweetney,PF,79.25,6' 7.25'',,,262,85.0,7' 1'',107.5,8' 11.5'',14.1,,
,2756,Sasha,Vujacic,Sasha Vujacic,PG-SG,77.5,6' 5.5'',,,193,77.5,6' 5.5'',101.0,8' 5'',14.1,,
,2548,Dwyane,Wade,Dwyane Wade,SG-SF,75.75,6' 3.75'',,,212,82.75,6' 10.75'',102.0,8' 6'',6.7,,
,12101,Wayne,Wallace,Wayne Wallace,PF,79.25,6' 7.25'',,,187,86.0,7' 2'',108.0,9' 0'',4.6,,
,2575,Luke,Walton,Luke Walton,SF-PF,79.75,6' 7.75'',,,235,80.5,6' 8.5'',104.0,8' 8'',9.3,,
,2561,David,West,David West,PF-SF,80.25,6' 8.25'',,,226,88.25,7' 4.25'',108.25,9' 0.25'',8.0,,
,2590,Mo,Williams,Mo Williams,PG-SG,72.75,6' 0.75'',,,189,77.5,6' 5.5'',98.5,8' 2.5'',6.7,,
,12102,Wesley,Wilson,Wesley Wilson,C-PF,82.25,6' 10.25'',,,257,87.0,7' 3'',110.5,9' 2.5'',12.4,,
,12103,Doug,Wrenn,Doug Wrenn,SF-PF,77.75,6' 5.75'',,,220,91.5,7' 7.5'',100.5,8' 4.5'',7.3,,
,2583,Derrick,Zimmerman,Derrick Zimmerman,PG,73.0,6' 1'',,,190,81.0,6' 9'',96.25,8' .25'',5.3,,
